claim_id,patient_id,provider,service_date,diagnosis_code,procedure_code,billed_amount,paid_amount
C0001,P0001,Hosp A,2025-05-28T00:00:00.000,E11.9,99213,120,96
C0002,P0002,Dr. Jones,2025-05-29T00:00:00.000,I10,93000,200,160
C0003,P0003,Clinic X,2025-05-30T00:00:00.000,J45.909,94640,150,120
C0004,P0004,Hosp B,2025-06-02T00:00:00.000,M54.5,99214,185,148
C0005,P0005,Dr. Smith,2025-06-03T00:00:00.000,E78.5,80053,220,176
C0006,P0006,Clinic Y,2025-06-04T00:00:00.000,I25.10,85025,95,76
C0007,P0007,Hosp C,2025-06-05T00:00:00.000,J02.9,99213,135,108
C0008,P0008,Dr. Brown,2025-06-06T00:00:00.000,K29.9,93000,210,168
C0009,P0009,Clinic Z,2025-06-09T00:00:00.000,N39.0,94640,170,136
C0010,P0010,Hosp A,2025-06-10T00:00:00.000,G43.909,99214,190,152
C0011,P0011,Dr. Wilson,2025-06-11T00:00:00.000,R51,71045,280,224
C0012,P0012,Clinic X,2025-06-12T00:00:00.000,M79.1,80053,110,88
C0013,P0003,Hosp B,2025-06-13T00:00:00.000,J06.9,85025,105,84
C0014,P0014,Dr. Jones,2025-06-16T00:00:00.000,E66.9,99213,145,116
C0015,P0015,Clinic Y,2025-06-17T00:00:00.000,I20.9,93000,195,156
C0016,P0001,Hosp C,2025-06-18T00:00:00.000,L70.0,94640,160,128
C0017,P0017,Dr. Smith,2025-06-19T00:00:00.000,R53.83,99214,175,140
C0018,P0018,Clinic Z,2025-06-20T00:00:00.000,H10.9,71045,240,192
C0019,P0019,Hosp A,2025-06-23T00:00:00.000,J44.9,80053,125,100
C0020,P0020,Dr. Brown,2025-06-24T00:00:00.000,K59.00,85025,100,80
C0021,P0004,Clinic X,2025-06-25T00:00:00.000,F41.9,99213,140,112
C0022,P0022,Dr. Wilson,2025-06-26T00:00:00.000,M25.561,93000,205,164
C0023,P0023,Hosp B,2025-06-27T00:00:00.000,N18.9,94640,180,144
C0024,P0024,Clinic Y,2025-06-30T00:00:00.000,E53.8,99214,195,156
C0025,P0025,Dr. Jones,2025-07-01T00:00:00.000,I73.9,71045,260,208
C0026,P0005,Clinic Z,2025-07-02T00:00:00.000,J30.9,80053,115,92
C0027,P0027,Hosp C,2025-07-03T00:00:00.000,K52.9,85025,130,104
C0028,P0028,Dr. Smith,2025-07-07T00:00:00.000,M17.9,99213,150,120
C0029,P0002,Clinic X,2025-07-08T00:00:00.000,R07.9,93000,215,172
C0030,P0030,Hosp A,2025-07-09T00:00:00.000,G25.9,94640,165,132
C0031,P0031,Dr. Brown,2025-07-10T00:00:00.000,E11.65,99214,200,160
C0032,P0032,Clinic Y,2025-07-11T00:00:00.000,I48.91,71045,275,220
C0033,P0006,Dr. Wilson,2025-07-14T00:00:00.000,J15.9,80053,120,96
C0034,P0034,Hosp B,2025-07-15T00:00:00.000,K21.9,85025,140,112
C0035,P0035,Clinic Z,2025-07-16T00:00:00.000,M54.2,99213,155,124
C0036,P0003,Dr. Jones,2025-07-17T00:00:00.000,N40,93000,225,180
C0037,P0037,Hosp C,2025-07-18T00:00:00.000,J45.40,94640,175,140
C0038,P0038,Clinic X,2025-07-21T00:00:00.000,E78.2,99214,185,148
C0039,P0039,Dr. Smith,2025-07-22T00:00:00.000,I10,71045,250,200
C0040,P0040,Hosp A,2025-07-23T00:00:00.000,R13.10,80053,90,72
C0041,P0001,Clinic Y,2025-07-24T00:00:00.000,M79.7,85025,110,88
C0042,P0042,Dr. Brown,2025-07-25T00:00:00.000,J00,99213,135,108
C0043,P0043,Hosp B,2025-07-28T00:00:00.000,K85.9,93000,230,184
C0044,P0008,Clinic Z,2025-07-29T00:00:00.000,N20.0,94640,195,156
C0045,P0045,Dr. Wilson,2025-07-30T00:00:00.000,G40.909,99214,210,168
C0046,P0046,Hosp C,2025-07-31T00:00:00.000,I25.5,71045,290,232
C0047,P0047,Clinic X,2025-08-01T00:00:00.000,J09.X2,80053,105,84
C0048,P0048,Dr. Jones,2025-08-04T00:00:00.000,K58.0,85025,145,116
C0049,P0004,Hosp A,2025-08-05T00:00:00.000,M51.26,99213,165,132
C0050,P0050,Clinic Y,2025-08-06T00:00:00.000,E03.9,93000,235,188
C0051,P0051,Dr. Smith,2025-08-07T00:00:00.000,R50.9,94640,155,124
C0052,P0052,Hosp B,2025-08-08T00:00:00.000,J20.9,99214,180,144
C0053,P0009,Clinic Z,2025-08-11T00:00:00.000,N18.3,71045,265,212
C0054,P0054,Dr. Brown,2025-08-12T00:00:00.000,E55.9,80053,115,92
C0055,P0055,Hosp C,2025-08-13T00:00:00.000,K57.30,85025,150,120
C0056,P0002,Clinic X,2025-08-14T00:00:00.000,M54.9,99213,140,112
C0057,P0057,Dr. Wilson,2025-08-15T00:00:00.000,I21.3,93000,245,196
C0058,P0058,Hosp A,2025-08-18T00:00:00.000,J44.1,94640,170,136
C0059,P0059,Clinic Y,2025-08-19T00:00:00.000,E11.9,99214,195,156
C0060,P0060,Dr. Jones,2025-08-20T00:00:00.000,I48.0,71045,255,204
C0061,P0010,Clinic Z,2025-08-21T00:00:00.000,R11.2,80053,85,68
C0062,P0062,Hosp B,2025-08-22T00:00:00.000,M25.512,85025,125,100
C0063,P0063,Dr. Smith,2025-08-25T00:00:00.000,J31.2,99213,160,128
C0064,P0005,Clinic X,2025-08-26T00:00:00.000,K59.01,93000,210,168
C0065,P0065,Hosp C,2025-08-27T00:00:00.000,N17.9,94640,185,148
C0066,P0066,Dr. Brown,2025-08-28T00:00:00.000,E66.01,99214,205,164
C0067,P0067,Clinic Y,2025-08-29T00:00:00.000,I70.203,71045,285,228
C0068,P0068,Hosp A,2025-09-01T00:00:00.000,J45.50,80053,130,104
C0069,P0003,Dr. Wilson,2025-09-02T00:00:00.000,R51.9,85025,95,76
C0070,P0070,Clinic Z,2025-09-03T00:00:00.000,M54.6,99213,175,140
C0071,P0071,Dr. Jones,2025-09-04T00:00:00.000,N39.41,93000,220,176
C0072,P0072,Hosp B,2025-09-05T00:00:00.000,J45.40,94640,165,132
C0073,P0073,Clinic X,2025-09-08T00:00:00.000,E11.22,99214,190,152
C0074,P0008,Dr. Smith,2025-09-09T00:00:00.000,I73.9,71045,270,216
C0075,P0075,Hosp C,2025-09-10T00:00:00.000,K92.2,80053,110,88
C0076,P0076,Clinic Y,2025-09-11T00:00:00.000,M17.10,85025,145,116
C0077,P0001,Dr. Brown,2025-09-12T00:00:00.000,R10.9,99213,155,124
C0078,P0078,Hosp A,2025-09-15T00:00:00.000,J12.9,93000,225,180
C0079,P0079,Clinic Z,2025-09-16T00:00:00.000,N20.1,94640,200,160
C0080,P0080,Dr. Wilson,2025-09-17T00:00:00.000,G47.33,99214,215,172
C0081,P0015,Clinic X,2025-09-18T00:00:00.000,I25.10,71045,295,236
C0082,P0082,Hosp B,2025-09-19T00:00:00.000,J06.0,80053,100,80
C0083,P0006,Dr. Jones,2025-09-22T00:00:00.000,K52.1,85025,135,108
C0084,P0084,Clinic Y,2025-09-23T00:00:00.000,M54.41,99213,170,136
C0085,P0085,Hosp C,2025-09-24T00:00:00.000,R53.1,93000,235,188
C0086,P0086,Dr. Smith,2025-09-25T00:00:00.000,J45.31,94640,180,144
C0087,P0087,Clinic Z,2025-09-26T00:00:00.000,E11.29,99214,195,156
C0088,P0004,Dr. Brown,2025-09-29T00:00:00.000,I10,71045,245,196
C0089,P0089,Hosp A,2025-09-30T00:00:00.000,R07.0,80053,120,96
C0090,P0090,Clinic X,2025-10-01T00:00:00.000,M79.2,85025,150,120
C0091,P0091,Dr. Wilson,2025-10-02T00:00:00.000,J45.909,99213,160,128
C0092,P0002,Hosp B,2025-10-03T00:00:00.000,K29.70,93000,215,172
C0093,P0093,Clinic Y,2025-10-06T00:00:00.000,N39.3,94640,185,148
C0094,P0094,Dr. Jones,2025-10-07T00:00:00.000,E78.00,99214,200,160
C0095,P0095,Hosp C,2025-10-08T00:00:00.000,I21.4,71045,300,240
C0096,P0009,Clinic Z,2025-10-09T00:00:00.000,R06.02,80053,95,76
C0097,P0097,Dr. Smith,2025-10-10T00:00:00.000,M54.5,85025,140,112
C0098,P0098,Hosp A,2025-10-13T00:00:00.000,J20.8,99213,175,140
C0099,P0001,Clinic X,2025-10-14T00:00:00.000,K59.02,93000,240,192
C0100,P0100,Dr. Brown,2025-10-15T00:00:00.000,N18.6,94640,190,152
